{
  "SW_IN_F": -0.48331925,
  "LW_IN_F": -0.33817624999999996,
  "VPD_F": -0.488409091,
  "TA_F": 0.053303125,
  "PA_F": 0.1071384615,
  "P_F": -0.5,
  "WS_F": -0.47514500000000004,
  "G_F_MDS": -0.1668941665,
  "LE_F_MDS": -0.164357029833333,
  "H_F_MDS": -0.167043016,
  "MODIS_band_1": 0.049782969,
  "MODIS_band_2": 0.253784289980493,
  "MODIS_band_3": 0.026534801,
  "MODIS_band_4": 0.056278124,
  "MODIS_band_5": 0.257490452,
  "MODIS_band_6": 0.170748796,
  "MODIS_band_7": 0.071879999,
  "DOY": -0.027322404,
  "TOD": 0.0
}