{
  "RandomForest": {
    "UK-AMo": {
      "RMSE": 3.0745779224806675,
      "MAE": 2.326815195027417,
      "R2": 0.29450049660726774
    },
    "SE-Htm": {
      "RMSE": 6.4853443380830615,
      "MAE": 4.765806204154213,
      "R2": 0.20579382809831914
    }
  },
  "XGBoost": {
    "UK-AMo": {
      "RMSE": 2.8492399408465356,
      "MAE": 2.212589482747344,
      "R2": 0.3941237839534777
    },
    "SE-Htm": {
      "RMSE": 6.262222586414102,
      "MAE": 4.626440474958637,
      "R2": 0.25933444490645335
    }
  },
  "LSTM": {
    "UK-AMo": {
      "RMSE": NaN,
      "MAE": NaN,
      "R2": NaN
    },
    "SE-Htm": {
      "RMSE": NaN,
      "MAE": NaN,
      "R2": NaN
    }
  }
}