{
  "UK-AMo": {
    "decomposition_stats": {
      "site": "UK-AMo",
      "n_timesteps": 9486,
      "period": 24,
      "total_variance": 12.871454238891602,
      "trend_variance": 1.2199339868729497,
      "seasonal_variance": 10.085995057344318,
      "residual_variance": 2.164237587168831,
      "trend_pct": 9.477825614971085,
      "seasonal_pct": 78.3594057839175,
      "residual_pct": 16.814242951891966,
      "trend_range": 5.431001710515988,
      "seasonal_amplitude": 20.69532390982505,
      "residual_std": 1.4711347957168408
    },
    "validation": {
      "site": "UK-AMo",
      "ecosystem": "Peatland / Bog",
      "checks": {
        "diurnal_pattern": {
          "pass": false,
          "day_mean_nee": 0.056932633579229806,
          "night_mean_nee": -0.05610841955962779,
          "diurnal_amplitude": 1.0070202385417266,
          "description": "FAIL: Expected daytime NEE < nighttime (photosynthesis)"
        },
        "seasonal_trend": {
          "pass": false,
          "growing_season_mean": 1.0013311345890037,
          "dormant_season_mean": 0.03531322789529601,
          "description": "FAIL: Expected growing season NEE < dormant season"
        },
        "residual_properties": {
          "pass": true,
          "mean": -0.030206081684952906,
          "std": 1.4711347957168408,
          "skewness": -0.5384115017630775,
          "kurtosis": 16.4126448814278,
          "lag1_autocorrelation": 0.583637516842689,
          "description": "PASS: Residuals approximately zero-mean"
        }
      },
      "checks_passed": 1,
      "checks_total": 3
    },
    "tempo_comparison": {
      "TEMPO Zero-Shot": {
        "trend": {
          "rmse": 0.20133903904262673,
          "correlation": 0.33253247511643347
        },
        "seasonal": {
          "rmse": 0.5386813853304778,
          "correlation": 0.7290851473908834
        },
        "resid": {
          "rmse": 0.5270269947246176,
          "correlation": 0.04038626268544307
        }
      },
      "TEMPO Fine-Tuned": {
        "trend": {
          "rmse": 0.20770093702168269,
          "correlation": 0.16497645931454244
        },
        "seasonal": {
          "rmse": 0.4670711227263454,
          "correlation": 0.7708702585225145
        },
        "resid": {
          "rmse": 0.5044426552175073,
          "correlation": 0.05142701176992587
        }
      }
    }
  }
}