{
  "UK-AMo": {
    "RMSE": 3.0745779224806675,
    "MAE": 2.326815195027417,
    "R2": 0.29450049660726774
  },
  "SE-Htm": {
    "RMSE": 6.4853443380830615,
    "MAE": 4.765806204154213,
    "R2": 0.20579382809831914
  }
}