{
  "UK-AMo": {
    "RMSE": 2.318419933319092,
    "MAE": 1.4517112970352173,
    "R2": 0.5988449454307556
  },
  "SE-Htm": {
    "RMSE": 3.793459177017212,
    "MAE": 2.6018519401550293,
    "R2": 0.7281095683574677
  }
}