{
  "UK-AMo": {
    "RMSE": 2.873929262161255,
    "MAE": 1.7534549236297607,
    "R2": 0.3835750222206116
  },
  "SE-Htm": {
    "RMSE": 3.6224465370178223,
    "MAE": 2.4263274669647217,
    "R2": 0.7520711719989777
  }
}