{
  "UK-AMo": {
    "RMSE": 2.8492399408465356,
    "MAE": 2.212589482747344,
    "R2": 0.3941237839534777
  },
  "SE-Htm": {
    "RMSE": 6.262222586414102,
    "MAE": 4.626440474958637,
    "R2": 0.25933444490645335
  }
}